evidence_group,experiment,region,target,lead_months,model,calibration,reference,n_months,bss,ci_low,ci_high,status,signal_flag,interpretation,source_file,paper_priority
central_valley_calibrated_checkpoint,canonical_spi1_lead1,California Central Valley,SPI-1 dry fraction,1,XGB,isotonic,monthly climatology,63,-0.06395,-0.2165,0.0492,not_distinguishable_from_climatology,,Validation-selected post-hoc calibration; this is the primary Central Valley probability-skill checkpoint.,outputs/calib_study_results.csv,False
central_valley_calibrated_checkpoint,canonical_spi1_lead1,California Central Valley,SPI-1 dry fraction,1,XGB-Spatial,isotonic,monthly climatology,63,0.00525,-0.0622,0.0733,positive_uncertain,,Validation-selected post-hoc calibration; this is the primary Central Valley probability-skill checkpoint.,outputs/calib_study_results.csv,True
central_valley_feature_extension,canonical_spi1_lead1_feature_extension,California Central Valley,SPI-1 dry fraction,1,XGB-Spatial + gridded temperature/VPD selected,selected,monthly climatology,63,-0.0467757770344745,-0.130775058887537,0.0234284496893849,not_distinguishable_from_climatology,,ERA5-Land gridded t2m/VPD anomaly lags interpolated to CHIRPS grid.,outputs/met_spatial_xgb_monthly_scores.csv,True
central_valley_feature_extension,canonical_spi1_lead1_feature_extension,California Central Valley,SPI-1 dry fraction,1,XGBoost + MJO/IVT selected,selected,monthly climatology,39,-0.3330804628456481,-1.0437006432445564,-0.0826363572154463,robust_negative,,MJO RMM monthly features plus optional ERA5 IVT anomalies; shorter test period.,outputs/atmos_feature_xgb_monthly_scores.csv,True
central_valley_feature_extension,canonical_spi1_lead1_feature_extension,California Central Valley,SPI-1 dry fraction,1,XGBoost + regional temperature/VPD selected,selected,monthly climatology,63,-0.0921714375072515,-0.1772762021284822,-0.033420306078631,robust_negative,,ERA5-Land regional t2m/VPD anomaly lags.,outputs/met_feature_xgb_monthly_scores.csv,True
central_valley_feature_extension,canonical_spi1_lead1_feature_extension,California Central Valley,SPI-1 dry fraction,1,XGBoost + soil moisture selected,selected,monthly climatology,63,-0.1580114402572607,-0.3845280871285667,-0.0489345539331595,robust_negative,,ERA5-Land soil-water/root-zone anomaly lags.,outputs/soil_moisture_xgb_monthly_scores.csv,True
central_valley_model_suite_raw,canonical_spi1_lead1,California Central Valley,SPI-1 dry fraction,1,Climatological baseline,raw_or_model_default,monthly climatology,63,0.0,,,reference,,Monthly-level score; pixel metrics are secondary.,outputs/forecast_skill_bss_hss_table.csv,False
central_valley_model_suite_raw,canonical_spi1_lead1,California Central Valley,SPI-1 dry fraction,1,ConvLSTM,raw_or_model_default,monthly climatology,63,-0.3565,-1.2722,0.0264,not_distinguishable_from_climatology,,Monthly-level score; pixel metrics are secondary.,outputs/forecast_skill_bss_hss_table.csv,False
central_valley_model_suite_raw,canonical_spi1_lead1,California Central Valley,SPI-1 dry fraction,1,Random Forest,raw_or_model_default,monthly climatology,63,-0.0679,-0.4051,0.0972,not_distinguishable_from_climatology,,Monthly-level score; pixel metrics are secondary.,outputs/forecast_skill_bss_hss_table.csv,False
central_valley_model_suite_raw,canonical_spi1_lead1,California Central Valley,SPI-1 dry fraction,1,XGBoost-Spatial,raw_or_model_default,monthly climatology,63,-0.1154,-0.7693,0.2234,not_distinguishable_from_climatology,,Monthly-level score; pixel metrics are secondary.,outputs/forecast_skill_bss_hss_table.csv,False
central_valley_seasonal_target,seasonal_spi3_lead3,California Central Valley,SPI-3 dry fraction,3,Seasonal SPI-3 lead-3 xgb_isotonic,xgb_isotonic,monthly climatology,59,0.0360428831473834,-0.1269644695434182,0.1395751917856527,positive_uncertain,,Leakage-safe seasonal target with lead >= SPI accumulation window.,outputs/seasonal_spi3_lead3_monthly_scores.csv,True
central_valley_seasonal_target,seasonal_spi3_lead6,California Central Valley,SPI-3 dry fraction,6,Seasonal SPI-3 lead-6 xgb_isotonic,xgb_isotonic,monthly climatology,62,-0.1078241520304834,-0.3321384930026321,0.0576284629311184,not_distinguishable_from_climatology,,Leakage-safe seasonal target with lead >= SPI accumulation window.,outputs/seasonal_spi3_lead6_monthly_scores.csv,False
central_valley_seasonal_target,seasonal_spi6_lead6,California Central Valley,SPI-6 dry fraction,6,Seasonal SPI-6 lead-6 xgb_isotonic,xgb_isotonic,monthly climatology,62,-0.1100881320172235,-0.3495045855132963,0.0311578393369266,not_distinguishable_from_climatology,,Leakage-safe seasonal target with lead >= SPI accumulation window.,outputs/seasonal_spi6_lead6_monthly_scores.csv,True
central_valley_uncertainty,canonical_spi1_lead1_edl,California Central Valley,SPI-1 dry fraction,1,EDL MLP selected,selected,monthly climatology,63,-0.1162250161444269,-0.2073735559079597,-0.0592014335190758,robust_negative,,"Dirichlet EDL uncertainty; selected monthly uncertainty Spearman corr(abs error): total=0.028, epistemic=0.117.",outputs/edl_uncertainty_monthly.csv,True
feature_ablation,canonical_spi1_lead1_xgb_raw,California Central Valley,SPI-1 dry fraction,1,XGBoost ablation: all_features,raw,monthly climatology,63,-0.2715460787970962,,,negative_no_ci,,Ablated features: ,outputs/feature_ablation_results.csv,False
feature_ablation,canonical_spi1_lead1_xgb_raw,California Central Valley,SPI-1 dry fraction,1,XGBoost ablation: enso,raw,monthly climatology,63,-0.14477,,,negative_no_ci,,"Ablated features: nino34_lag1, nino34_lag2",outputs/feature_ablation_results.csv,False
feature_ablation,canonical_spi1_lead1_xgb_raw,California Central Valley,SPI-1 dry fraction,1,XGBoost ablation: pr_lags,raw,monthly climatology,63,-0.45518,,,negative_no_ci,,"Ablated features: pr_lag1, pr_lag2, pr_lag3",outputs/feature_ablation_results.csv,False
feature_ablation,canonical_spi1_lead1_xgb_raw,California Central Valley,SPI-1 dry fraction,1,XGBoost ablation: seasonality,raw,monthly climatology,63,-0.46323,,,negative_no_ci,,"Ablated features: month_sin, month_cos",outputs/feature_ablation_results.csv,False
independent_precipitation_validation,prism_spi1_validation,California Central Valley basin,PRISM SPI-1 dry fraction,1,XGB-Spatial probabilities,selected canonical,PRISM monthly climatology,63,-0.0034851222510068,,,negative_no_ci,,CHIRPS-PRISM dry-fraction bias=0.046; xgb_prism_spearman=0.530,results/validation/prism_model_validation_summary.csv,True
multi_region_selected_checkpoint,multi_region_spi1_lead1,California Central Valley,SPI-1 dry fraction,1,spatial XGBoost,isotonic,monthly climatology,63,-0.0264400988001913,-0.12448747003432,0.0470407181338282,not_distinguishable_from_climatology,,Region slug=cvalley; raw BSS=-0.196.,results/multiregion/multiregion_summary.csv,True
multi_region_selected_checkpoint,multi_region_spi1_lead1,California Central Valley (basin-mask sensitivity),SPI-1 dry fraction,1,tabular XGBoost,isotonic,monthly climatology,63,-0.0206463756823946,-0.1285208541488486,0.0423252060601063,not_distinguishable_from_climatology,,Region slug=cvalley_basin_masked; raw BSS=-0.022.,results/multiregion/multiregion_summary.csv,True
multi_region_selected_checkpoint,multi_region_spi1_lead1,Horn of Africa bounding box (country-mask sensitivity),SPI-1 dry fraction,1,spatial XGBoost,isotonic,monthly climatology,63,-0.0311087321935619,-0.3024123316724255,0.3196699796106816,not_distinguishable_from_climatology,,Region slug=horn_of_africa_country_masked; raw BSS=-2.134.,results/multiregion/multiregion_summary.csv,True
multi_region_selected_checkpoint,multi_region_spi1_lead1,Mediterranean Spain bounding box,SPI-1 dry fraction,1,tabular XGBoost,isotonic,monthly climatology,63,0.044027407551768,-0.1510430884140117,0.2409632775351689,positive_uncertain,,Region slug=mediterranean_spain; raw BSS=-0.531.,results/multiregion/multiregion_summary.csv,True
multi_region_selected_checkpoint,multi_region_spi1_lead1,Mediterranean Spain bounding box (basin-mask sensitivity),SPI-1 dry fraction,1,spatial XGBoost,isotonic,monthly climatology,63,-0.0845885935465671,-0.2343410217289551,0.0340980808411184,not_distinguishable_from_climatology,,Region slug=mediterranean_spain_basin_masked; raw BSS=-0.484.,results/multiregion/multiregion_summary.csv,True
multi_region_selected_checkpoint,multi_region_spi1_lead1,Mediterranean Spain bounding box (country-mask sensitivity),SPI-1 dry fraction,1,spatial XGBoost,isotonic,monthly climatology,63,0.0235012424817813,-0.1991037434426051,0.304857908720377,positive_uncertain,,Region slug=mediterranean_spain_country_masked; raw BSS=-0.606.,results/multiregion/multiregion_summary.csv,True
multi_region_selected_checkpoint,multi_region_spi1_lead1,Murray-Darling Basin bounding box (basin-mask sensitivity),SPI-1 dry fraction,1,tabular XGBoost,platt,monthly climatology,63,-0.6394547610524957,-1.308198580874294,-0.2784625144252496,robust_negative,,Region slug=murray_darling_basin_masked; raw BSS=-0.696.,results/multiregion/multiregion_summary.csv,True
multi_region_selected_checkpoint,multi_region_spi1_lead1,Southern Great Plains,SPI-1 dry fraction,1,spatial XGBoost,isotonic,monthly climatology,63,-0.0820000217488283,-0.1479039892441277,-0.0018953031791721,robust_negative,,Region slug=southern_great_plains; raw BSS=-0.383.,results/multiregion/multiregion_summary.csv,True
multi_region_selected_checkpoint,multi_region_spi1_lead1,Southern Great Plains (basin-mask sensitivity),SPI-1 dry fraction,1,spatial XGBoost,isotonic,monthly climatology,63,0.0101266802841194,-0.0977650760252542,0.1502212327158114,positive_uncertain,,Region slug=southern_great_plains_basin_masked; raw BSS=-0.159.,results/multiregion/multiregion_summary.csv,True
operational_dynamical_benchmark,operational_spi1_lead1_nmme_anomaly,California Central Valley,SPI-1 dry fraction,1,CPC NMME anomaly forecast selected,selected,monthly climatology,63,0.0024766561335314,-0.4375136516117086,0.2389126983182886,positive_uncertain,,CPC NMME precipitation-anomaly forecast mapped to monthly dry-fraction probability. Uses validation-only calibration; source_model=CPC_NMME_ENSMEAN.,outputs/operational_precip_benchmark_monthly_scores.csv,True
operational_dynamical_benchmark,operational_spi1_lead1_nmme_probability,California Central Valley,SPI-1 dry fraction,1,CPC NMME probability forecast raw,raw,monthly climatology,52,-0.2479407041692016,-1.222715149229712,0.0946098960824396,not_distinguishable_from_climatology,,Official CPC NMME below-normal precipitation probability mapped to monthly dry-fraction probability. Uses validation-only calibration; source_model=CPC_NMME_PROB_ADJ_MON.,outputs/operational_nmme_cpc_prob_spi1_lead1_monthly_scores.csv,True
operational_dynamical_benchmark,operational_spi1_lead1_nmme_probability,California Central Valley,SPI-1 dry fraction,1,CPC NMME probability forecast selected,selected,monthly climatology,52,0.131401010141243,-0.3039786502384342,0.3378811510712059,positive_uncertain,,Official CPC NMME below-normal precipitation probability mapped to monthly dry-fraction probability. Uses validation-only calibration; source_model=CPC_NMME_PROB_ADJ_MON.,outputs/operational_nmme_cpc_prob_spi1_lead1_monthly_scores.csv,True
operational_dynamical_benchmark,operational_spi3_lead3_nmme_anomaly,California Central Valley,SPI-3 dry fraction,3,CPC NMME anomaly forecast selected,selected,monthly climatology,59,0.0858025111458475,-0.2246673461488508,0.2611916184681341,positive_uncertain,,CPC NMME precipitation-anomaly forecast mapped to monthly dry-fraction probability. Uses validation-only calibration; source_model=CPC_NMME_ENSMEAN.,outputs/operational_nmme_cpc_spi3_lead3_monthly_scores.csv,True
operational_dynamical_benchmark,operational_spi3_lead3_nmme_probability,California Central Valley,SPI-3 dry fraction,3,CPC NMME probability forecast raw,raw,monthly climatology,51,0.0069125404154212,-0.5487199956676402,0.2429389671433061,positive_uncertain,,Official CPC NMME below-normal precipitation probability mapped to monthly dry-fraction probability. Uses validation-only calibration; source_model=CPC_NMME_PROB_ADJ_MON.,outputs/operational_nmme_cpc_prob_spi3_lead3_monthly_scores.csv,True
operational_dynamical_benchmark,operational_spi3_lead3_nmme_probability,California Central Valley,SPI-3 dry fraction,3,CPC NMME probability forecast selected,selected,monthly climatology,51,-0.2117161454000207,-1.1475935214809891,0.176255096397894,not_distinguishable_from_climatology,,Official CPC NMME below-normal precipitation probability mapped to monthly dry-fraction probability. Uses validation-only calibration; source_model=CPC_NMME_PROB_ADJ_MON.,outputs/operational_nmme_cpc_prob_spi3_lead3_monthly_scores.csv,True
operational_dynamical_benchmark,operational_spi6_lead6_nmme_anomaly,California Central Valley,SPI-6 dry fraction,6,CPC NMME anomaly forecast selected,selected,monthly climatology,62,-0.3439270193080728,-1.1300287199472725,0.1127164978396692,not_distinguishable_from_climatology,,CPC NMME precipitation-anomaly forecast mapped to monthly dry-fraction probability. Uses validation-only calibration; source_model=CPC_NMME_ENSMEAN.,outputs/operational_nmme_cpc_spi6_lead6_monthly_scores.csv,True
operational_dynamical_benchmark,operational_spi6_lead6_nmme_probability,California Central Valley,SPI-6 dry fraction,6,CPC NMME probability forecast raw,raw,monthly climatology,49,0.0353034873787889,-0.4299273073279179,0.2545532788263083,positive_uncertain,,Official CPC NMME below-normal precipitation probability mapped to monthly dry-fraction probability. Uses validation-only calibration; source_model=CPC_NMME_PROB_ADJ_MON.,outputs/operational_nmme_cpc_prob_spi6_lead6_monthly_scores.csv,True
operational_dynamical_benchmark,operational_spi6_lead6_nmme_probability,California Central Valley,SPI-6 dry fraction,6,CPC NMME probability forecast selected,selected,monthly climatology,49,-0.4086320302452966,-1.693179669868499,0.1628936573116141,not_distinguishable_from_climatology,,Official CPC NMME below-normal precipitation probability mapped to monthly dry-fraction probability. Uses validation-only calibration; source_model=CPC_NMME_PROB_ADJ_MON.,outputs/operational_nmme_cpc_prob_spi6_lead6_monthly_scores.csv,True
seasonal_regional_longlead,seasonal_spi3_lead3_all,cvalley,SPI-3 dry fraction,3,XGBoost seasonal isotonic,isotonic,monthly climatology,59,0.03604,-0.12663,0.13441,positive_uncertain,positive_weak_tracking,climate_features=all; mask=; corr_iso_obs=0.120; std_ratio_iso_obs=0.189,outputs/seasonal_spi3_lead3_experiment_scores.txt,False
seasonal_regional_longlead,seasonal_spi3_lead4_all,cvalley,SPI-3 dry fraction,4,XGBoost seasonal isotonic,isotonic,monthly climatology,60,0.02913,-0.05333,0.10161,positive_uncertain,positive_temporal_tracking,climate_features=all; mask=; corr_iso_obs=0.202; std_ratio_iso_obs=0.111,outputs/seasonal_spi3_lead4_experiment_scores.txt,False
seasonal_regional_longlead,seasonal_spi3_lead5_all,cvalley,SPI-3 dry fraction,5,XGBoost seasonal isotonic,isotonic,monthly climatology,61,-0.01525,-0.13854,0.07954,negative_uncertain,no_positive_signal,climate_features=all; mask=; corr_iso_obs=0.046; std_ratio_iso_obs=0.142,outputs/seasonal_spi3_lead5_experiment_scores.txt,False
seasonal_regional_longlead,seasonal_spi3_lead6_all,cvalley,SPI-3 dry fraction,6,XGBoost seasonal isotonic,isotonic,monthly climatology,62,-0.10782,-0.32744,0.04534,negative_uncertain,no_positive_signal,climate_features=all; mask=; corr_iso_obs=-0.016; std_ratio_iso_obs=0.327,outputs/seasonal_spi3_lead6_experiment_scores.txt,False
seasonal_regional_longlead,seasonal_spi6_lead6_all,cvalley,SPI-6 dry fraction,6,XGBoost seasonal isotonic,isotonic,monthly climatology,62,-0.11009,-0.37336,0.03511,negative_uncertain,no_positive_signal,climate_features=all; mask=; corr_iso_obs=-0.053; std_ratio_iso_obs=0.389,outputs/seasonal_spi6_lead6_experiment_scores.txt,False
seasonal_regional_longlead,seasonal_spi3_lead3_nino34,horn_of_africa_country_masked,SPI-3 dry fraction,3,XGBoost seasonal isotonic,isotonic,monthly climatology,59,-0.02936,-0.3306,0.3481,negative_uncertain,no_positive_signal,climate_features=nino34; mask=country; corr_iso_obs=0.180; std_ratio_iso_obs=0.148,outputs/seasonal/horn_of_africa_country_masked/seasonal_spi3_lead3_climate_nino34_experiment_scores.txt,False
seasonal_regional_longlead,seasonal_spi6_lead6_nino34,horn_of_africa_country_masked,SPI-6 dry fraction,6,XGBoost seasonal isotonic,isotonic,monthly climatology,62,-0.12681,-0.45291,0.22113,negative_uncertain,no_positive_signal,climate_features=nino34; mask=country; corr_iso_obs=-0.086; std_ratio_iso_obs=0.357,outputs/seasonal/horn_of_africa_country_masked/seasonal_spi6_lead6_climate_nino34_experiment_scores.txt,False
seasonal_regional_longlead,seasonal_spi3_lead3_all,mediterranean_spain_basin_masked,SPI-3 dry fraction,3,XGBoost seasonal isotonic,isotonic,monthly climatology,59,0.01844,-0.0336,0.05693,positive_uncertain,positive_calibration_shift,climate_features=all; mask=; corr_iso_obs=0.097; std_ratio_iso_obs=0.056,outputs/seasonal/mediterranean_spain_basin_masked/seasonal_spi3_lead3_experiment_scores.txt,False
seasonal_regional_longlead,seasonal_spi3_lead3_nino34,mediterranean_spain_basin_masked,SPI-3 dry fraction,3,XGBoost seasonal isotonic,isotonic,monthly climatology,59,-0.06686,-0.14144,-0.01238,robust_negative,no_positive_signal,climate_features=nino34; mask=basin; corr_iso_obs=-0.313; std_ratio_iso_obs=0.107,outputs/seasonal/mediterranean_spain_basin_masked/seasonal_spi3_lead3_climate_nino34_experiment_scores.txt,True
seasonal_regional_longlead,seasonal_spi6_lead6_all,mediterranean_spain_basin_masked,SPI-6 dry fraction,6,XGBoost seasonal isotonic,isotonic,monthly climatology,62,-0.00714,-0.19317,0.16369,negative_uncertain,no_positive_signal,climate_features=all; mask=; corr_iso_obs=0.012; std_ratio_iso_obs=0.331,outputs/seasonal/mediterranean_spain_basin_masked/seasonal_spi6_lead6_experiment_scores.txt,False
seasonal_regional_longlead,seasonal_spi6_lead6_nino34,mediterranean_spain_basin_masked,SPI-6 dry fraction,6,XGBoost seasonal isotonic,isotonic,monthly climatology,62,0.07758,0.00447,0.16189,robust_positive,positive_calibration_shift,climate_features=nino34; mask=basin; corr_iso_obs=0.041; std_ratio_iso_obs=0.104,outputs/seasonal/mediterranean_spain_basin_masked/seasonal_spi6_lead6_climate_nino34_experiment_scores.txt,True
seasonal_regional_longlead,seasonal_spi3_lead3_nino34,murray_darling_basin_masked,SPI-3 dry fraction,3,XGBoost seasonal isotonic,isotonic,monthly climatology,59,-1.09948,-2.28336,-0.45872,robust_negative,no_positive_signal,climate_features=nino34; mask=basin; corr_iso_obs=0.238; std_ratio_iso_obs=0.375,outputs/seasonal/murray_darling_basin_masked/seasonal_spi3_lead3_climate_nino34_experiment_scores.txt,True
seasonal_regional_longlead,seasonal_spi6_lead6_nino34,murray_darling_basin_masked,SPI-6 dry fraction,6,XGBoost seasonal isotonic,isotonic,monthly climatology,62,-2.12116,-3.11742,-1.2946,robust_negative,raw_signal_lost_after_calibration,climate_features=nino34; mask=basin; corr_iso_obs=0.332; std_ratio_iso_obs=0.435,outputs/seasonal/murray_darling_basin_masked/seasonal_spi6_lead6_climate_nino34_experiment_scores.txt,True
seasonal_regional_longlead,seasonal_spi3_lead3_all,southern_great_plains_basin_masked,SPI-3 dry fraction,3,XGBoost seasonal isotonic,isotonic,monthly climatology,59,-0.0649,-0.27972,0.06277,negative_uncertain,no_positive_signal,climate_features=all; mask=; corr_iso_obs=-0.066; std_ratio_iso_obs=0.277,outputs/seasonal/southern_great_plains_basin_masked/seasonal_spi3_lead3_experiment_scores.txt,False
seasonal_regional_longlead,seasonal_spi3_lead3_nino34,southern_great_plains_basin_masked,SPI-3 dry fraction,3,XGBoost seasonal isotonic,isotonic,monthly climatology,59,0.03291,-0.03683,0.0935,positive_uncertain,positive_temporal_tracking,climate_features=nino34; mask=basin; corr_iso_obs=0.313; std_ratio_iso_obs=0.156,outputs/seasonal/southern_great_plains_basin_masked/seasonal_spi3_lead3_climate_nino34_experiment_scores.txt,False
seasonal_regional_longlead,seasonal_spi6_lead6_all,southern_great_plains_basin_masked,SPI-6 dry fraction,6,XGBoost seasonal isotonic,isotonic,monthly climatology,62,-0.11372,-0.22748,-0.01641,robust_negative,no_positive_signal,climate_features=all; mask=; corr_iso_obs=0.114; std_ratio_iso_obs=0.299,outputs/seasonal/southern_great_plains_basin_masked/seasonal_spi6_lead6_experiment_scores.txt,True
seasonal_regional_longlead,seasonal_spi6_lead6_nino34,southern_great_plains_basin_masked,SPI-6 dry fraction,6,XGBoost seasonal isotonic,isotonic,monthly climatology,62,-0.08677,-0.14284,-0.00969,robust_negative,no_positive_signal,climate_features=nino34; mask=basin; corr_iso_obs=0.402; std_ratio_iso_obs=0.121,outputs/seasonal/southern_great_plains_basin_masked/seasonal_spi6_lead6_climate_nino34_experiment_scores.txt,True
temporal_robustness,holdout_2005_2008,California Central Valley,SPI-1 dry fraction,1,Tabular XGBoost rolling holdout,isotonic,train calendar-month climatology,48,-0.0892236489748374,-0.3220825662864762,0.1253474833792389,negative_uncertain,,test_years=2005-2008; test_minus_train_dry_mean=0.014; monthly_bias=-0.025,results/temporal/temporal_robustness_summary.csv,True
temporal_robustness,holdout_2009_2012,California Central Valley,SPI-1 dry fraction,1,Tabular XGBoost rolling holdout,isotonic,train calendar-month climatology,48,-0.0036354449866997,-0.4549650000812159,0.1612424649016886,negative_uncertain,,test_years=2009-2012; test_minus_train_dry_mean=-0.032; monthly_bias=0.070,results/temporal/temporal_robustness_summary.csv,True
temporal_robustness,holdout_2013_2016,California Central Valley,SPI-1 dry fraction,1,Tabular XGBoost rolling holdout,isotonic,train calendar-month climatology,48,-0.07726818876076,-0.3154360132709066,0.098062193397119,negative_uncertain,,test_years=2013-2016; test_minus_train_dry_mean=0.019; monthly_bias=-0.075,results/temporal/temporal_robustness_summary.csv,True
temporal_robustness,holdout_2017_2020,California Central Valley,SPI-1 dry fraction,1,Tabular XGBoost rolling holdout,isotonic,train calendar-month climatology,48,-0.0095476327589405,-0.4258424847275631,0.2131427507002207,negative_uncertain,,test_years=2017-2020; test_minus_train_dry_mean=0.014; monthly_bias=0.029,results/temporal/temporal_robustness_summary.csv,True
temporal_robustness,canonical_2021_2026,California Central Valley,SPI-1 dry fraction,1,Tabular XGBoost rolling holdout,isotonic,train calendar-month climatology,63,-0.0252709978252347,-0.1599543729702329,0.0868465661902636,negative_uncertain,,test_years=2021-2026; test_minus_train_dry_mean=0.040; monthly_bias=-0.040,results/temporal/temporal_robustness_summary.csv,True
